{
  "project_info": {
    "project_number": "735682347075",
    "firebase_url": "https://thief-c8bc6.firebaseio.com",
    "project_id": "thief-c8bc6",
    "storage_bucket": "thief-c8bc6.appspot.com"
  },
  "client": [
    {
      "client_info": {
        "mobilesdk_app_id": "1:735682347075:android:920b32affe3f9d3c6e54f6",
        "android_client_info": {
          "package_name": "com.example.thief"
        }
      },
      "oauth_client": [
        {
          "client_id": "735682347075-vh2ndtqtef3jph0i7g2cgi0bopfuajm9.apps.googleusercontent.com",
          "client_type": 1,
          "android_info": {
            "package_name": "com.example.thief",
            "certificate_hash": "0e9a0df35b845ab1c1b48c5b115e09cdf4345f56"
          }
        },
        {
          "client_id": "735682347075-02ne44j02orh0cckfd4q5r8d5qqf8qar.apps.googleusercontent.com",
          "client_type": 3
        }
      ],
      "api_key": [
        {
          "current_key": "AIzaSyB0oD0r2aE7PfIKW1A-Q9gy5WIXFWXMeCw"
        }
      ],
      "services": {
        "appinvite_service": {
          "other_platform_oauth_client": [
            {
              "client_id": "735682347075-02ne44j02orh0cckfd4q5r8d5qqf8qar.apps.googleusercontent.com",
              "client_type": 3
            }
          ]
        }
      }
    }
  ],
  "configuration_version": "1"
}